{
  "mu0": 2.45,
  "alpha": 0.3,
  "maher_w": 1.0,
  "maher_fit": {
    "corpus_matches": 10495,
    "totals_sse": [
      2050.34,
      35.953
    ],
    "wdl_err": [
      0.05705,
      0.04983
    ],
    "oos_brier": [
      0.50144,
      0.50115
    ],
    "oos_totals_mae": [
      1.4511,
      1.4523
    ]
  }
}